school_id,full_name,class_name
13900947,MAHAMMADALIYEV IMRONBEK MAHMUDJON O‘G‘LI,1-D
13900860,DADAXONOV NURMUHAMMAD JAVLONBEK O‘G‘LI,1-A
13879661,ABDULLAYEVA HADICHAOY SARDORBEK QIZI,1-A
13857606,MAXAMADALIYEVA SHOHISTA KOMIL QIZI,1-D
13561498,AKMALOV MUHAMMADYUSUF ABDULAZIZ O‘G‘LI,1-A
13561481,KAMOLIDDINOVA ZEBINISO NURIDDIN QIZI,1-A
13561468,TOSHBAYEV MURTAZO MURODJON O‘G‘LI,1-A
13561455,XABIBULLOYEVA RAHIMAXON BILOLXON QIZI,1-D
13561440,NE‘MATJONOVA DURDONA NOZIMJON QIZI,1-A
13561433,YUSUFJONOV YOSINXON SHARIFJON O‘G‘LI,1-D
13120874,ALOYIDDINOV JAMOLIDDIN KAMOLIDDIN O‘G‘LI,2-A
12699353,XUSANOVA ZAYNABXON RAXMATILLO QIZI,2-D
12699314,BEKMIRZAYEVA MUSLIMA ABDULAXATXON QIZI,2-D
12698732,YAXYOYEVA IYMONAXON ISLOMBEK QIZI,2-A
12697840,BOQIYEV ABUBAKIR RUSTAMJON O‘G‘LI,2-D
11878871,ZOKIROV BEHRUZ DILSHOD O‘G‘LI,3-A
11877596,AKBARALIYEVA MUHAYYO XASANBOY QIZI,3-A
11398998,ABDULAHADOV NURIDDIN ABDULLO O‘G‘LI,4-D
11288797,ASLONOV MUHAMMADJON ZARIBJON O‘G‘LI,4-A
10610679,ISOKJANOV MUBOSHIR AKRAM O‘G‘LI,5-A
10605294,AXMADJONOVA MARHABO FARXOD QIZI,5-D
9108019,ISAKBAYEVA ZILOLA KAMOL QIZI,6-A
7723784,NURIDDINOVA SOLIHA FAYZULLO QIZI,7-A
7676471,XOSHIMDJANOV HOJIAKBARJON JAMOLIDDIN O‘G‘LI,8-A
7712532,XASHIMDJANOVA MUHLISABONU JAMOLIDDIN QIZI,9-A
7283258,URAIMJONOVA DILAFRUZ UMARJON QIZI,11-A
